Family,BaseConstraint,TopOffset,TopConstraint,UnconnectedHeight,Volume,Area,Width,Length,Type
BasicWall,NULL,NULL,NULL,NULL,36.84m³,184m²,200,NULL,CG-200mm3
BasicWall,NULL,NULL,NULL,NULL,36.84m³,184m²,200,NULL,CG-200mm3
BasicWall,NULL,NULL,NULL,NULL,35.83m³,179m²,200,NULL,CG-200mm3
BasicWall,NULL,NULL,NULL,NULL,35.83m³,179m²,200,NULL,CG-200mm3
BasicWall,NULL,NULL,NULL,NULL,35.83m³,179m²,200,NULL,CG-200mm3
BasicWall,NULL,NULL,NULL,NULL,34.37m³,172m²,200,NULL,CG-200mm3
BasicWall,NULL,NULL,NULL,NULL,34.37m³,172m²,200,NULL,CG-200mm3
BasicWall,NULL,NULL,NULL,NULL,34.37m³,172m²,200,NULL,CG-200mm3
BasicWall,NULL,NULL,NULL,NULL,18.35m³,92m²,200,NULL,CG-200mm3
BasicWall,NULL,NULL,NULL,NULL,18.08m³,90m²,200,NULL,CG-200mm3
BasicWall,NULL,NULL,NULL,NULL,10.21m³,51m²,200,NULL,CG-200mm3
BasicWall,NULL,NULL,NULL,NULL,9.83m³,49m²,200,NULL,CG-200mm3
BasicWall,NULL,NULL,NULL,NULL,1.30m³,7m²,200,NULL,CG-200mm3
BasicWall,NULL,NULL,NULL,NULL,1.30m³,7m²,200,NULL,CG-200mm3
BasicWall,NULL,NULL,NULL,NULL,0.90m³,4m²,200,NULL,CG-200mm3
BasicWall,NULL,NULL,NULL,NULL,0.90m³,4m²,200,NULL,CG-200mm3
BasicWall,G/F,0,Uptolevel:1/F,9000,33.25m³,66m²,500,7314,CG-500
BasicWall,G/F,0,Uptolevel:1/F,9000,17.90m³,91m²,200,9852,CG-200mm
BasicWall,G/F,0,Uptolevel:1/F,9000,16.89m³,68m²,250,7411,CG-251
BasicWall,G/F,0,Uptolevel:1/F,9000,16.34m³,65m²,250,7263,CG-251
BasicWall,G/F,0,Uptolevel:1/F,9000,15.97m³,64m²,250,7424,CG-251
BasicWall,G/F,0,Uptolevel:1/F,9000,15.76m³,63m²,250,7254,CG-250
BasicWall,G/F,0,Unconnected,5800,15.76m³,79m²,200,13581,CG-200mm2
BasicWall,G/F,0,Uptolevel:1/F,9000,15.18m³,51m²,300,8161,CG-300mm
BasicWall,G/F,0,Uptolevel:1/F,9000,14.92m³,75m²,200,8312,CG-200mm2
BasicWall,G/F,0,Uptolevel:1/F,9000,14.81m³,59m²,250,6407,CG-250
BasicWall,G/F,0,Unconnected,5000,13.39m³,46m²,290,8846,CG-291
BasicWall,G/F,0,Unconnected,8850,13.20m³,66m²,200,7559,CG-200mm2
BasicWall,G/F,0,Uptolevel:1/F,9000,12.93m³,52m²,250,5746,CG-250
BasicWall,G/F,0,Uptolevel:1/F,9000,12.63m³,85m²,150,12665,CG-151
BasicWall,G/F,0,Uptolevel:1/F,9000,12.40m³,83m²,150,14121,CG-151
BasicWall,G/F,0,Uptolevel:1/F,9000,11.85m³,40m²,300,4600,CG-300mm
BasicWall,G/F,0,Uptolevel:1/F,9000,11.52m³,77m²,150,12400,CG-151
BasicWall,G/F,0,Uptolevel:1/F,9000,10.24m³,41m²,250,4331,CG-250
BasicWall,G/F,0,Uptolevel:1/F,9000,9.92m³,40m²,250,4534,CG-251
BasicWall,G/F,0,Uptolevel:1/F,9000,9.88m³,40m²,250,4475,CG-251
BasicWall,G/F,0,Uptolevel:1/F,9000,9.45m³,38m²,250,4325,CG-251
BasicWall,G/F,0,Uptolevel:1/F,9000,8.86m³,44m²,200,4847,CG-200mm2
BasicWall,G/F,0,Uptolevel:1/F,9000,8.39m³,34m²,250,3856,CG-250
BasicWall,G/F,0,Unconnected,9000,8.39m³,42m²,200,8400,CG-200mm2
BasicWall,G/F,0,Uptolevel:1/F,9000,8.12m³,81m²,100,9144,CG-101
BasicWall,G/F,0,Uptolevel:1/F,9000,8.03m³,80m²,100,9094,CG-100
BasicWall,G/F,0,Uptolevel:1/F,9000,7.62m³,40m²,200,7238,CG-200mm
BasicWall,G/F,0,Uptolevel:1/F,9000,7.53m³,27m²,300,3421,CG-300mm
BasicWall,G/F,0,Unconnected,6023,7.49m³,25m²,300,3957,CG-300mm2
BasicWall,G/F,0,Uptolevel:1/F,9000,7.49m³,76m²,100,11465,CG-100
BasicWall,G/F,0,Uptolevel:1/F,9000,7.32m³,29m²,250,3127,CG-250
BasicWall,G/F,0,Uptolevel:1/F,9000,7.06m³,48m²,150,6443,CG-151
BasicWall,G/F,0,Uptolevel:1/F,9000,6.86m³,69m²,100,7679,CG-100
BasicWall,G/F,0,Uptolevel:1/F,9000,6.82m³,68m²,100,14233,CG-100
BasicWall,G/F,0,Uptolevel:1/F,9000,6.78m³,14m²,500,1381,CG-500
BasicWall,G/F,0,Uptolevel:1/F,9000,6.59m³,27m²,240,3153,CG-240
BasicWall,G/F,0,Uptolevel:1/F,9000,6.57m³,66m²,100,7250,CG-100
BasicWall,G/F,0,Uptolevel:1/F,9000,6.41m³,64m²,100,7364,CG-100
BasicWall,G/F,0,Uptolevel:1/F,9000,5.87m³,29m²,200,3360,CG-200mm2
BasicWall,G/F,0,Uptolevel:1/F,9000,5.67m³,16m²,350,2051,CG-350
BasicWall,G/F,0,Uptolevel:1/F,9000,5.65m³,11m²,500,1381,CG-500
BasicWall,G/F,0,Uptolevel:1/F,9000,5.65m³,11m²,500,1381,CG-500
BasicWall,G/F,0,Uptolevel:1/F,9000,5.65m³,11m²,500,1381,CG-500
BasicWall,G/F,0,Uptolevel:1/F,9000,5.65m³,11m²,500,1381,CG-500
BasicWall,G/F,0,Uptolevel:1/F,9000,5.62m³,11m²,500,1424,CG-500
BasicWall,G/F,0,Uptolevel:1/F,9000,5.58m³,28m²,200,3127,CG-200mm2
BasicWall,G/F,0,Uptolevel:1/F,9000,5.53m³,16m²,350,1881,CG-350
BasicWall,G/F,0,Unconnected,6000,5.49m³,19m²,290,3240,CG-291
BasicWall,G/F,0,Uptolevel:1/F,9000,5.03m³,25m²,200,2542,CG-200mm
BasicWall,G/F,0,Uptolevel:1/F,9000,5.00m³,50m²,100,6203,CG-101
BasicWall,G/F,0,Uptolevel:1/F,9000,4.38m³,22m²,200,2432,CG-200mm
BasicWall,G/F,-5419,Uptolevel:1/F,3581,4.07m³,27m²,150,6407,CG-151
BasicWall,G/F,0,Uptolevel:1/F,9000,4.06m³,41m²,100,4559,CG-100
BasicWall,G/F,0,Uptolevel:1/F,9000,3.88m³,26m²,150,2872,CG-150
BasicWall,G/F,0,Uptolevel:1/F,9000,3.88m³,39m²,100,4475,CG-100
BasicWall,G/F,0,Uptolevel:1/F,9000,3.88m³,39m²,100,4475,CG-100
BasicWall,G/F,0,Uptolevel:1/F,9000,3.71m³,25m²,150,2847,CG-151
BasicWall,G/F,0,Uptolevel:1/F,9000,3.59m³,24m²,150,2660,CG-150
BasicWall,G/F,0,Uptolevel:1/F,9000,3.57m³,24m²,150,2636,CG-150
BasicWall,G/F,0,Uptolevel:1/F,9000,3.55m³,36m²,100,3898,CG-101
BasicWall,G/F,0,Uptolevel:1/F,9000,3.51m³,35m²,100,7300,CG-100
BasicWall,G/F,0,Uptolevel:1/F,9000,3.48m³,44m²,80,5432,CG-80
BasicWall,G/F,0,Uptolevel:1/F,9000,3.40m³,27m²,125,2865,CG-125
BasicWall,G/F,0,Unconnected,6500,3.02m³,15m²,200,2476,CG-200mm2
BasicWall,G/F,0,Uptolevel:1/F,9000,2.88m³,14m²,200,1847,CG-200mm
BasicWall,G/F,0,Uptolevel:1/F,9000,2.86m³,14m²,200,1814,CG-200mm
BasicWall,G/F,0,Uptolevel:1/F,9000,2.84m³,28m²,100,3153,CG-100
BasicWall,G/F,0,Uptolevel:1/F,9000,2.79m³,28m²,100,3280,CG-100
BasicWall,G/F,0,Uptolevel:1/F,9000,2.72m³,14m²,190,1814,CG-190
BasicWall,G/F,0,Uptolevel:1/F,9000,2.71m³,18m²,150,2813,CG-151
BasicWall,G/F,0,Uptolevel:1/F,9000,2.53m³,13m²,200,1407,CG-200mm
BasicWall,G/F,0,Uptolevel:1/F,9000,2.51m³,31m²,80,4475,CG-80
BasicWall,G/F,0,Uptolevel:1/F,9000,2.38m³,24m²,100,4305,CG-100
BasicWall,G/F,0,Uptolevel:1/F,9000,2.31m³,23m²,110,4106,CG-110
BasicWall,G/F,0,Uptolevel:1/F,9000,2.30m³,23m²,100,4763,CG-100
BasicWall,G/F,0,Uptolevel:1/F,9000,2.28m³,23m²,100,4441,CG-100
BasicWall,G/F,0,Uptolevel:1/F,9000,2.26m³,23m²,100,4763,CG-100
BasicWall,G/F,0,Uptolevel:1/F,9000,2.23m³,15m²,150,1796,CG-150
BasicWall,G/F,0,Uptolevel:1/F,9000,2.15m³,21m²,100,2669,CG-100
BasicWall,G/F,0,Uptolevel:1/F,9000,2.13m³,9m²,250,1119,CG-251
BasicWall,G/F,0,Uptolevel:1/F,9000,2.07m³,21m²,100,3809,CG-100
BasicWall,G/F,0,Uptolevel:1/F,9000,2.04m³,21m²,100,3266,CG-100
BasicWall,G/F,0,Uptolevel:1/F,9000,2.01m³,20m²,100,4441,CG-100
BasicWall,G/F,0,Uptolevel:1/F,9000,1.98m³,20m²,100,2203,CG-100
BasicWall,G/F,0,Uptolevel:1/F,9000,1.97m³,20m²,100,2492,CG-100
BasicWall,G/F,0,Uptolevel:1/F,9000,1.97m³,20m²,100,2492,CG-100
BasicWall,G/F,0,Unconnected,6500,1.92m³,10m²,200,2262,CG-200mm
BasicWall,G/F,0,Uptolevel:1/F,9000,1.71m³,21m²,80,4441,CG-80
BasicWall,G/F,0,Uptolevel:1/F,9000,1.62m³,16m²,100,1847,CG-100
BasicWall,G/F,0,Uptolevel:1/F,9000,1.60m³,16m²,100,2426,CG-100
BasicWall,G/F,0,Uptolevel:1/F,9000,1.49m³,15m²,100,1831,CG-100
BasicWall,G/F,0,Uptolevel:1/F,9000,1.45m³,14m²,100,1559,CG-100
BasicWall,G/F,0,Uptolevel:1/F,9000,1.42m³,14m²,100,1678,CG-100
BasicWall,G/F,0,Uptolevel:1/F,9000,1.40m³,15m²,100,1844,CG-100
BasicWall,G/F,0,Uptolevel:1/F,9000,1.28m³,13m²,100,1847,CG-101
BasicWall,G/F,0,Uptolevel:1/F,9000,1.27m³,6m²,200,1106,CG-200mm2
BasicWall,G/F,0,Uptolevel:1/F,9000,1.25m³,12m²,100,1814,CG-100
BasicWall,G/F,0,Uptolevel:1/F,9000,1.20m³,12m²,100,1712,CG-101
BasicWall,G/F,0,Uptolevel:1/F,9000,1.20m³,13m²,100,1573,CG-100
BasicWall,G/F,0,Uptolevel:1/F,9000,1.13m³,11m²,100,1500,CG-100
BasicWall,G/F,0,Uptolevel:1/F,9000,1.08m³,11m²,100,1420,CG-100
BasicWall,G/F,0,Uptolevel:1/F,9000,1.03m³,10m²,100,2030,CG-100
BasicWall,G/F,0,Uptolevel:1/F,9000,1.02m³,5m²,200,373,CG-200mm
BasicWall,G/F,0,Uptolevel:1/F,9000,0.95m³,10m²,100,2034,CG-100
BasicWall,G/F,0,Uptolevel:1/F,9000,0.94m³,13m²,70,4763,CG-70
BasicWall,G/F,0,Uptolevel:1/F,9000,0.86m³,9m²,100,1076,CG-100
BasicWall,G/F,0,Uptolevel:1/F,9000,0.82m³,9m²,100,983,CG-100
BasicWall,G/F,0,Uptolevel:1/F,9000,0.74m³,8m²,100,1116,CG-100
BasicWall,G/F,0,Uptolevel:1/F,9000,0.69m³,14m²,50,1619,CG-50
BasicWall,G/F,0,Uptolevel:1/F,9000,0.69m³,14m²,50,1619,CG-50
BasicWall,G/F,0,Uptolevel:1/F,9000,0.69m³,14m²,50,1619,CG-50
BasicWall,G/F,0,Uptolevel:1/F,9000,0.69m³,14m²,50,1619,CG-50
BasicWall,G/F,0,Unconnected,5800,0.68m³,7m²,100,1628,CG-101
BasicWall,G/F,0,Uptolevel:1/F,9000,0.67m³,3m²,200,254,CG-200mm2
BasicWall,G/F,0,Uptolevel:1/F,9000,0.65m³,8m²,80,1271,CG-80
BasicWall,G/F,0,Uptolevel:1/F,9000,0.63m³,6m²,100,924,CG-100
BasicWall,G/F,0,Uptolevel:1/F,9000,0.63m³,13m²,50,3203,CG-50
BasicWall,G/F,0,Uptolevel:1/F,9000,0.58m³,6m²,100,1857,CG-100
BasicWall,G/F,0,Uptolevel:1/F,11196,0.57m³,6m²,100,785,CG-100
BasicWall,G/F,0,Uptolevel:1/F,9000,0.53m³,5m²,100,1076,CG-101
BasicWall,G/F,0,Uptolevel:1/F,9000,0.50m³,6m²,80,1214,CG-80
BasicWall,G/F,0,Uptolevel:1/F,9000,0.47m³,5m²,100,520,CG-100
BasicWall,G/F,0,Uptolevel:1/F,9000,0.40m³,4m²,100,805,CG-100
BasicWall,G/F,0,Uptolevel:1/F,9000,0.36m³,7m²,50,1593,CG-50
BasicWall,G/F,0,Uptolevel:1/F,9000,0.36m³,7m²,50,1593,CG-50
BasicWall,G/F,0,Uptolevel:1/F,9000,0.36m³,7m²,50,1593,CG-50
BasicWall,G/F,0,Uptolevel:1/F,9000,0.35m³,3m²,100,898,CG-100
BasicWall,G/F,0,Uptolevel:1/F,9000,0.35m³,4m²,100,443,CG-100
BasicWall,G/F,0,Uptolevel:1/F,9000,0.30m³,6m²,100,760,CG-100
BasicWall,G/F,0,Uptolevel:1/F,9000,0.28m³,3m²,100,309,CG-100
BasicWall,G/F,0,Uptolevel:1/F,9000,0.24m³,2m²,100,644,CG-100
BasicWall,G/F,0,Uptolevel:1/F,9000,0.22m³,7m²,30,1593,-30
BasicWall,G/F,0,Uptolevel:1/F,9000,0.18m³,2m²,100,356,CG-100
BasicWall,G/F,0,Uptolevel:1/F,9000,0.10m³,1m²,100,40,CG-100
BasicWall,G/F,0,Uptolevel:1/F,9000,0.10m³,1m²,100,274,CG-100
BasicWall,1/F,0,Uptolevel:RF,22560,31.95m³,160m²,200,7300,CG-200mm3
BasicWall,1/F,2500,Uptolevel:RF,25060,13.36m³,67m²,200,2664,CG-200mm3
BasicWall,1/F,0,Uptolevel:2F,4000,7.84m³,29m²,270,7268,CG-270
BasicWall,1/F,0,Uptolevel:2F,4000,7.30m³,30m²,240,7483,CG-240
BasicWall,1/F,0,Uptolevel:2F,4000,7.01m³,28m²,250,7013,CG-250
BasicWall,1/F,0,Uptolevel:2F,4000,6.64m³,28m²,240,6737,CG-240
BasicWall,1/F,0,Uptolevel:2F,4000,6.02m³,23m²,260,5769,CG-260
BasicWall,1/F,0,Uptolevel:2F,4000,5.77m³,23m²,250,5895,CG-250
BasicWall,1/F,0,Uptolevel:2F,4000,5.52m³,22m²,250,5769,CG-250
BasicWall,1/F,0,Uptolevel:2F,4000,4.97m³,50m²,100,14924,CG-100
BasicWall,1/F,0,Uptolevel:2F,4000,4.67m³,47m²,100,13622,CG-100
BasicWall,1/F,0,Uptolevel:2F,4000,4.66m³,47m²,100,14377,CG-100
BasicWall,1/F,0,Uptolevel:2F,4000,4.45m³,18m²,250,4325,CG-250
BasicWall,1/F,0,Uptolevel:2F,4000,4.25m³,21m²,200,5218,CG-200mm
BasicWall,1/F,0,Uptolevel:2F,4000,4.00m³,40m²,100,12755,CG-100
BasicWall,1/F,0,Uptolevel:2F,4000,3.96m³,16m²,240,4646,CG-240
BasicWall,1/F,0,Uptolevel:2F,4000,3.72m³,15m²,240,3975,CG-240
BasicWall,1/F,0,Uptolevel:2F,4000,3.25m³,14m²,225,3483,CG-225
BasicWall,1/F,0,Uptolevel:2F,4000,3.13m³,16m²,200,3975,CG-200mm
BasicWall,1/F,0,Uptolevel:2F,4000,3.02m³,12m²,250,3144,CG-250
BasicWall,1/F,0,Uptolevel:2F,4000,2.89m³,12m²,240,3128,CG-240
BasicWall,1/F,0,Uptolevel:2F,4000,2.73m³,8m²,360,1949,CG-360
BasicWall,1/F,0,Uptolevel:2F,4000,2.59m³,7m²,360,1921,CG-360
BasicWall,1/F,0,Uptolevel:2F,4000,2.59m³,26m²,100,7231,CG-100
BasicWall,1/F,0,Uptolevel:2F,4000,2.56m³,10m²,250,2508,CG-250
BasicWall,1/F,0,Uptolevel:2F,4000,2.56m³,11m²,240,2540,CG-240
BasicWall,1/F,0,Uptolevel:2F,4000,2.55m³,26m²,100,7272,CG-100
BasicWall,1/F,0,Uptolevel:2F,4000,2.06m³,21m²,100,6051,CG-100
BasicWall,1/F,0,Uptolevel:2F,4000,1.87m³,19m²,100,4551,CG-100
BasicWall,1/F,0,Uptolevel:2F,4000,1.82m³,18m²,100,4610,CG-100
BasicWall,1/F,0,Uptolevel:2F,4000,1.82m³,18m²,100,4610,CG-100
BasicWall,1/F,0,Uptolevel:2F,4000,1.82m³,18m²,100,4610,CG-100
BasicWall,1/F,0,Uptolevel:2F,4000,1.82m³,18m²,100,4610,CG-100
BasicWall,1/F,0,Uptolevel:2F,4000,1.82m³,18m²,100,4610,CG-100
BasicWall,1/F,0,Uptolevel:2F,4000,1.82m³,18m²,100,4610,CG-100
BasicWall,1/F,0,Uptolevel:2F,4000,1.82m³,18m²,100,4610,CG-100
BasicWall,1/F,0,Uptolevel:2F,4000,1.82m³,18m²,100,4610,CG-100
BasicWall,1/F,0,Uptolevel:2F,4000,1.82m³,18m²,100,4610,CG-100
BasicWall,1/F,0,Uptolevel:2F,4000,1.82m³,18m²,100,4605,CG-100
BasicWall,1/F,0,Uptolevel:2F,4000,1.82m³,18m²,100,4605,CG-100
BasicWall,1/F,0,Uptolevel:2F,4000,1.82m³,18m²,100,4605,CG-100
BasicWall,1/F,0,Uptolevel:2F,4000,1.81m³,18m²,100,4480,CG-100
BasicWall,1/F,0,Uptolevel:2F,4000,1.77m³,18m²,100,4475,CG-100
BasicWall,1/F,0,Uptolevel:2F,4000,1.77m³,18m²,100,4475,CG-100
BasicWall,1/F,0,Uptolevel:2F,4000,1.77m³,18m²,100,4475,CG-100
BasicWall,1/F,0,Uptolevel:2F,4000,1.53m³,15m²,100,3975,CG-100
BasicWall,1/F,0,Uptolevel:2F,4000,1.53m³,15m²,100,4249,CG-100
BasicWall,1/F,0,Uptolevel:2F,4000,1.52m³,8m²,200,1896,CG-200mm
BasicWall,1/F,0,Uptolevel:2F,4000,1.46m³,18m²,80,4610,CG-80
BasicWall,1/F,0,Uptolevel:2F,4000,1.37m³,14m²,100,3661,CG-100
BasicWall,1/F,0,Uptolevel:2F,4000,1.36m³,14m²,100,3451,CG-100
BasicWall,1/F,0,Uptolevel:2F,4000,1.17m³,12m²,100,3093,CG-100
BasicWall,1/F,0,Uptolevel:2F,4000,1.11m³,11m²,100,3254,CG-100
BasicWall,1/F,0,Uptolevel:2F,4000,1.10m³,14m²,80,3661,CG-80
BasicWall,1/F,0,Unconnected,2300,1.02m³,10m²,100,4500,CG-100
BasicWall,1/F,0,Uptolevel:2F,4000,0.96m³,10m²,100,2480,CG-100
BasicWall,1/F,0,Uptolevel:2F,4000,0.92m³,9m²,100,2254,CG-100
BasicWall,1/F,0,Uptolevel:2F,4000,0.88m³,9m²,100,2331,CG-100
BasicWall,1/F,0,Uptolevel:2F,4000,0.88m³,9m²,100,2192,CG-100
BasicWall,1/F,0,Uptolevel:2F,4000,0.88m³,9m²,100,2331,CG-100
BasicWall,1/F,0,Uptolevel:2F,4000,0.83m³,8m²,100,2036,CG-100
BasicWall,1/F,0,Uptolevel:2F,4000,0.75m³,7m²,100,2034,CG-100
BasicWall,1/F,0,Uptolevel:2F,4000,0.75m³,9m²,80,2390,CG-80
BasicWall,1/F,0,Uptolevel:2F,4000,0.69m³,7m²,100,1534,CG-100
BasicWall,1/F,0,Uptolevel:2F,4000,0.69m³,7m²,100,1780,CG-100
BasicWall,1/F,0,Uptolevel:2F,4000,0.68m³,7m²,100,1873,CG-100
BasicWall,1/F,0,Uptolevel:2F,4000,0.68m³,7m²,100,1888,CG-100
BasicWall,1/F,0,Uptolevel:2F,4000,0.61m³,6m²,100,1678,CG-100
BasicWall,1/F,0,Uptolevel:2F,4000,0.59m³,5m²,110,2222,CG-110
BasicWall,1/F,0,Uptolevel:2F,4000,0.56m³,6m²,100,1404,CG-100
BasicWall,1/F,0,Uptolevel:2F,4000,0.56m³,6m²,100,1576,CG-100
BasicWall,1/F,0,Uptolevel:2F,4000,0.56m³,6m²,100,1534,CG-100
BasicWall,1/F,0,Uptolevel:2F,4000,0.50m³,5m²,100,1822,CG-100
BasicWall,1/F,0,Uptolevel:2F,4000,0.45m³,4m²,100,1650,CG-100
BasicWall,1/F,0,Uptolevel:2F,4000,0.45m³,5m²,100,1297,CG-100
BasicWall,1/F,0,Uptolevel:2F,4000,0.41m³,4m²,100,1508,CG-100
BasicWall,1/F,0,Uptolevel:2F,4000,0.40m³,4m²,100,898,CG-100
BasicWall,1/F,0,Uptolevel:2F,4000,0.35m³,4m²,90,1873,CG-90
BasicWall,1/F,0,Uptolevel:2F,4000,0.32m³,3m²,100,1695,CG-100
BasicWall,1/F,0,Uptolevel:2F,4000,0.31m³,4m²,80,1888,CG-80
BasicWall,1/F,0,Uptolevel:2F,4000,0.30m³,6m²,50,1619,CG-50
BasicWall,1/F,0,Uptolevel:2F,4000,0.27m³,5m²,50,1424,CG-50
BasicWall,1/F,0,Uptolevel:2F,4000,0.18m³,2m²,100,568,CG-100
BasicWall,1/F,0,Uptolevel:2F,4000,0.16m³,2m²,100,441,CG-100
BasicWall,1/F,0,Uptolevel:2F,4000,0.16m³,2m²,100,441,CG-100
BasicWall,2F,0,Uptolevel:3F,4000,7.07m³,29m²,240,7364,CG-240
BasicWall,2F,0,Uptolevel:3F,4000,7.02m³,28m²,250,7020,CG-250
BasicWall,2F,0,Uptolevel:3F,4000,6.97m³,29m²,240,7441,CG-240
BasicWall,2F,0,Uptolevel:3F,4000,6.74m³,28m²,240,7263,CG-240
BasicWall,2F,0,Uptolevel:3F,4000,6.27m³,63m²,100,17969,CG-100
BasicWall,2F,0,Uptolevel:3F,4000,6.20m³,25m²,250,6200,CG-250
BasicWall,2F,0,Uptolevel:3F,4000,5.75m³,24m²,240,5754,CG-240
BasicWall,2F,0,Uptolevel:3F,4000,5.52m³,23m²,240,5754,CG-240
BasicWall,2F,0,Uptolevel:3F,4000,5.41m³,36m²,150,9136,CG-150
BasicWall,2F,0,Uptolevel:3F,4000,5.09m³,51m²,100,15583,CG-100
BasicWall,2F,0,Uptolevel:3F,4000,4.51m³,19m²,240,4700,CG-240
BasicWall,2F,0,Uptolevel:3F,4000,4.14m³,41m²,100,12523,CG-100
BasicWall,2F,0,Uptolevel:3F,4000,4.10m³,21m²,200,5229,CG-200mm
BasicWall,2F,0,Uptolevel:3F,4000,3.84m³,38m²,100,12034,CG-100
BasicWall,2F,0,Uptolevel:3F,4000,3.80m³,45m²,85,13099,CG-85
BasicWall,2F,0,Uptolevel:3F,4000,3.73m³,19m²,200,4627,CG-200mm
BasicWall,2F,0,Uptolevel:3F,4000,3.57m³,36m²,100,9085,CG-100
BasicWall,2F,0,Uptolevel:3F,4000,3.44m³,14m²,250,3442,CG-250
BasicWall,2F,0,Uptolevel:3F,4000,3.30m³,33m²,100,8890,CG-100
BasicWall,2F,0,Uptolevel:3F,4000,3.29m³,16m²,200,3975,CG-200mm
BasicWall,2F,0,Uptolevel:3F,4000,3.12m³,13m²,240,3085,CG-240
BasicWall,2F,0,Uptolevel:3F,4000,3.01m³,12m²,250,3085,CG-250
BasicWall,2F,0,Uptolevel:3F,4000,2.85m³,28m²,100,7508,CG-100
BasicWall,2F,0,Uptolevel:3F,4000,2.77m³,8m²,360,1972,CG-360
BasicWall,2F,0,Uptolevel:3F,4000,2.60m³,26m²,100,7441,CG-100
BasicWall,2F,0,Uptolevel:3F,4000,2.55m³,25m²,100,6475,CG-100
BasicWall,2F,0,Uptolevel:3F,4000,2.31m³,10m²,225,2562,CG-225
BasicWall,2F,0,Uptolevel:3F,4000,2.26m³,11m²,200,2831,CG-200mm3
BasicWall,2F,0,Uptolevel:3F,4000,2.23m³,22m²,100,5500,CG-100
BasicWall,2F,0,Uptolevel:3F,4000,2.09m³,21m²,100,5500,CG-100
BasicWall,2F,-150,Uptolevel:3F,3850,2.05m³,21m²,100,5375,CG-100
BasicWall,2F,-150,Uptolevel:3F,3850,2.05m³,21m²,100,5375,CG-100
BasicWall,2F,-150,Uptolevel:3F,3850,2.05m³,21m²,100,5375,CG-100
BasicWall,2F,0,Uptolevel:3F,4000,1.88m³,19m²,100,4644,CG-100
BasicWall,2F,0,Uptolevel:3F,4000,1.83m³,18m²,100,4619,CG-100
BasicWall,2F,0,Uptolevel:3F,4000,1.83m³,18m²,100,4619,CG-100
BasicWall,2F,0,Uptolevel:3F,4000,1.83m³,18m²,100,4619,CG-100
BasicWall,2F,0,Uptolevel:3F,4000,1.82m³,18m²,100,4610,CG-100
BasicWall,2F,0,Uptolevel:3F,4000,1.82m³,18m²,100,4610,CG-100
BasicWall,2F,0,Uptolevel:3F,4000,1.82m³,18m²,100,4610,CG-100
BasicWall,2F,0,Uptolevel:3F,4000,1.82m³,18m²,100,4610,CG-100
BasicWall,2F,0,Uptolevel:3F,4000,1.82m³,18m²,100,4610,CG-100
BasicWall,2F,0,Uptolevel:3F,4000,1.82m³,18m²,100,4610,CG-100
BasicWall,2F,0,Uptolevel:3F,4000,1.82m³,18m²,100,4610,CG-100
BasicWall,2F,0,Uptolevel:3F,4000,1.82m³,18m²,100,4686,CG-100
BasicWall,2F,0,Uptolevel:3F,4000,1.82m³,18m²,100,4610,CG-100
BasicWall,2F,0,Uptolevel:3F,4000,1.82m³,18m²,100,4610,CG-100
BasicWall,2F,0,Uptolevel:3F,4000,1.82m³,18m²,100,4610,CG-100
BasicWall,2F,0,Uptolevel:3F,4000,1.80m³,18m²,100,4550,CG-100
BasicWall,2F,0,Uptolevel:3F,4000,1.62m³,18m²,90,4550,CG-90
BasicWall,2F,0,Uptolevel:3F,4000,1.55m³,18m²,85,4610,CG-85
BasicWall,2F,0,Uptolevel:3F,4000,1.51m³,15m²,100,3729,CG-100
BasicWall,2F,0,Uptolevel:3F,4000,1.50m³,6m²,240,1678,CG-240
BasicWall,2F,0,Uptolevel:3F,4000,1.46m³,18m²,80,4610,CG-80
BasicWall,2F,0,Uptolevel:3F,4000,1.44m³,7m²,200,1949,CG-200mm
BasicWall,2F,0,Uptolevel:3F,4000,1.37m³,14m²,100,3661,CG-100
BasicWall,2F,0,Uptolevel:3F,4000,1.18m³,12m²,100,3588,CG-100
BasicWall,2F,0,Uptolevel:3F,4000,1.18m³,15m²,80,3838,CG-80
BasicWall,2F,0,Uptolevel:3F,4000,1.11m³,11m²,100,3251,CG-100
BasicWall,2F,0,Uptolevel:3F,4000,1.10m³,14m²,80,3661,CG-80
BasicWall,2F,0,Uptolevel:3F,4000,0.99m³,12m²,85,3085,CG-85
BasicWall,2F,0,Uptolevel:3F,4000,0.97m³,10m²,100,2483,CG-100
BasicWall,2F,0,Uptolevel:3F,4000,0.88m³,9m²,100,2381,CG-100
BasicWall,2F,0,Uptolevel:3F,4000,0.88m³,9m²,100,2381,CG-100
BasicWall,2F,0,Uptolevel:3F,4000,0.88m³,9m²,100,2381,CG-100
BasicWall,2F,0,Uptolevel:3F,4000,0.88m³,9m²,100,2254,CG-100
BasicWall,2F,0,Uptolevel:3F,4000,0.85m³,9m²,90,2525,CG-90
BasicWall,2F,0,Uptolevel:3F,4000,0.80m³,8m²,100,2051,CG-100
BasicWall,2F,0,Uptolevel:3F,4000,0.74m³,7m²,100,2025,CG-100
BasicWall,2F,0,Uptolevel:3F,4000,0.72m³,7m²,100,1864,CG-100
BasicWall,2F,0,Uptolevel:3F,4000,0.72m³,7m²,100,1831,CG-100
BasicWall,2F,0,Uptolevel:3F,4000,0.68m³,7m²,100,1881,CG-100
BasicWall,2F,0,Uptolevel:3F,4000,0.63m³,6m²,100,1678,CG-100
BasicWall,2F,0,Uptolevel:3F,4000,0.60m³,6m²,100,1669,CG-100
BasicWall,2F,0,Uptolevel:3F,4000,0.56m³,6m²,100,1576,CG-100
BasicWall,2F,0,Uptolevel:3F,4000,0.53m³,5m²,100,2254,CG-100
BasicWall,2F,0,Uptolevel:3F,4000,0.53m³,5m²,100,1441,CG-100
BasicWall,2F,0,Uptolevel:3F,4000,0.52m³,5m²,100,1475,CG-100
BasicWall,2F,0,Uptolevel:3F,4000,0.41m³,4m²,100,1669,CG-100
BasicWall,2F,0,Uptolevel:3F,4000,0.41m³,5m²,80,1949,CG-80
BasicWall,2F,0,Uptolevel:3F,4000,0.36m³,4m²,100,898,CG-100
BasicWall,2F,0,Uptolevel:3F,4000,0.32m³,3m²,100,1746,CG-100
BasicWall,2F,0,Uptolevel:3F,4000,0.31m³,4m²,80,1864,CG-80
BasicWall,2F,0,Uptolevel:3F,4000,0.31m³,6m²,50,1619,CG-50
BasicWall,2F,0,Uptolevel:3F,4000,0.27m³,4m²,70,1881,CG-70
BasicWall,2F,0,Uptolevel:3F,4000,0.27m³,5m²,50,1424,CG-50
BasicWall,2F,0,Uptolevel:3F,4000,0.25m³,1m²,250,254,CG-250
BasicWall,2F,0,Uptolevel:3F,4000,0.25m³,3m²,100,1203,CG-100
BasicWall,2F,0,Uptolevel:3F,4000,0.22m³,2m²,100,606,CG-100
BasicWall,2F,0,Uptolevel:3F,4000,0.21m³,2m²,100,949,CG-100
BasicWall,2F,0,Uptolevel:3F,4000,0.16m³,2m²,100,458,CG-100
BasicWall,3F,0,Uptolevel:4F,4000,7.26m³,28m²,260,7254,CG-260
BasicWall,3F,0,Uptolevel:4F,4000,7.08m³,28m²,250,7356,CG-250
BasicWall,3F,0,Uptolevel:4F,4000,6.66m³,27m²,250,6737,CG-250
BasicWall,3F,0,Uptolevel:4F,4000,6.64m³,27m²,250,6950,CG-250
BasicWall,3F,0,Uptolevel:4F,4000,6.46m³,27m²,240,7254,CG-240
BasicWall,3F,0,Uptolevel:4F,4000,6.01m³,23m²,260,5754,CG-260
BasicWall,3F,0,Uptolevel:4F,4000,5.94m³,59m²,100,17949,CG-100
BasicWall,3F,0,Uptolevel:4F,4000,5.75m³,22m²,260,5754,CG-260
BasicWall,3F,0,Uptolevel:4F,4000,5.56m³,23m²,240,6020,CG-240
BasicWall,3F,0,Uptolevel:4F,4000,5.09m³,51m²,100,16250,CG-100
BasicWall,3F,0,Uptolevel:4F,4000,4.01m³,20m²,200,5161,CG-200mm
BasicWall,3F,0,Uptolevel:4F,4000,3.59m³,36m²,100,10619,CG-100
BasicWall,3F,0,Uptolevel:4F,4000,3.57m³,13m²,270,3442,CG-270
BasicWall,3F,0,Uptolevel:4F,4000,3.55m³,36m²,100,11330,CG-100
BasicWall,3F,0,Uptolevel:4F,4000,3.52m³,18m²,200,4568,CG-200mm
BasicWall,3F,0,Uptolevel:4F,4000,3.51m³,18m²,200,4559,CG-200mm
BasicWall,3F,0,Uptolevel:4F,4000,3.03m³,12m²,250,3076,CG-250
BasicWall,3F,0,Uptolevel:4F,4000,2.89m³,12m²,250,3140,CG-250
BasicWall,3F,0,Uptolevel:4F,4000,2.87m³,15m²,190,4020,CG-190
BasicWall,3F,0,Uptolevel:4F,4000,2.77m³,8m²,360,2000,CG-360
BasicWall,3F,0,Uptolevel:4F,4000,2.77m³,28m²,100,8593,CG-100
BasicWall,3F,0,Uptolevel:4F,4000,2.58m³,26m²,100,7305,CG-100
BasicWall,3F,0,Uptolevel:4F,4000,2.56m³,10m²,250,2508,CG-250
BasicWall,3F,0,Uptolevel:4F,4000,2.49m³,7m²,360,1924,CG-360
BasicWall,3F,0,Uptolevel:4F,4000,2.41m³,24m²,100,7322,CG-100
BasicWall,3F,0,Uptolevel:4F,4000,1.99m³,20m²,100,5508,CG-100
BasicWall,3F,0,Uptolevel:4F,4000,1.84m³,18m²,100,4600,CG-100
BasicWall,3F,0,Uptolevel:4F,4000,1.76m³,18m²,100,4610,CG-100
BasicWall,3F,0,Uptolevel:4F,4000,1.76m³,18m²,100,4610,CG-100
BasicWall,3F,0,Uptolevel:4F,4000,1.76m³,18m²,100,4610,CG-100
BasicWall,3F,0,Uptolevel:4F,4000,1.76m³,18m²,100,4686,CG-100
BasicWall,3F,0,Uptolevel:4F,4000,1.76m³,18m²,100,4610,CG-100
BasicWall,3F,0,Uptolevel:4F,4000,1.76m³,18m²,100,4610,CG-100
BasicWall,3F,0,Uptolevel:4F,4000,1.76m³,18m²,100,4610,CG-100
BasicWall,3F,0,Uptolevel:4F,4000,1.76m³,18m²,100,4610,CG-100
BasicWall,3F,0,Uptolevel:4F,4000,1.76m³,18m²,100,4610,CG-100
BasicWall,3F,0,Uptolevel:4F,4000,1.76m³,18m²,100,4610,CG-100
BasicWall,3F,0,Uptolevel:4F,4000,1.76m³,18m²,100,4610,CG-100
BasicWall,3F,0,Uptolevel:4F,4000,1.76m³,18m²,100,4610,CG-100
BasicWall,3F,0,Uptolevel:4F,4000,1.76m³,18m²,100,4610,CG-100
BasicWall,3F,0,Uptolevel:4F,4000,1.76m³,18m²,100,4610,CG-100
BasicWall,3F,0,Uptolevel:4F,4000,1.76m³,18m²,100,4610,CG-100
BasicWall,3F,0,Uptolevel:4F,4000,1.76m³,18m²,100,4610,CG-100
BasicWall,3F,0,Uptolevel:4F,4000,1.76m³,18m²,100,4619,CG-100
BasicWall,3F,0,Uptolevel:4F,4000,1.52m³,18m²,85,4729,CG-85
BasicWall,3F,0,Uptolevel:4F,4000,1.46m³,7m²,200,2000,CG-200mm
BasicWall,3F,0,Uptolevel:4F,4000,1.44m³,14m²,100,3780,CG-100
BasicWall,3F,0,Uptolevel:4F,4000,1.40m³,18m²,80,4610,CG-80
BasicWall,3F,0,Uptolevel:4F,4000,1.33m³,13m²,100,3669,CG-100
BasicWall,3F,0,Uptolevel:4F,4000,1.33m³,13m²,100,3669,CG-100
BasicWall,3F,0,Uptolevel:4F,4000,1.30m³,15m²,85,3864,CG-85
BasicWall,3F,0,Uptolevel:4F,4000,1.14m³,11m²,100,3585,CG-100
BasicWall,3F,0,Uptolevel:4F,4000,1.12m³,11m²,100,2949,CG-100
BasicWall,3F,0,Uptolevel:4F,4000,1.03m³,10m²,100,3203,CG-100
BasicWall,3F,0,Uptolevel:4F,4000,0.93m³,9m²,100,2483,CG-100
BasicWall,3F,0,Uptolevel:4F,4000,0.89m³,9m²,100,2254,CG-100
BasicWall,3F,0,Uptolevel:4F,4000,0.85m³,8m²,100,2200,CG-100
BasicWall,3F,0,Uptolevel:4F,4000,0.85m³,8m²,100,2254,CG-100
BasicWall,3F,0,Uptolevel:4F,4000,0.85m³,8m²,100,2381,CG-100
BasicWall,3F,0,Uptolevel:4F,4000,0.77m³,8m²,100,2051,CG-100
BasicWall,3F,0,Uptolevel:4F,4000,0.72m³,7m²,100,2034,CG-100
BasicWall,3F,0,Uptolevel:4F,4000,0.72m³,9m²,80,2517,CG-80
BasicWall,3F,0,Uptolevel:4F,4000,0.68m³,7m²,100,1856,CG-100
BasicWall,3F,0,Uptolevel:4F,4000,0.66m³,7m²,100,1831,CG-100
BasicWall,3F,0,Uptolevel:4F,4000,0.65m³,7m²,100,1873,CG-100
BasicWall,3F,0,Uptolevel:4F,4000,0.62m³,6m²,100,1542,CG-100
BasicWall,3F,0,Uptolevel:4F,4000,0.62m³,6m²,100,1678,CG-100
BasicWall,3F,0,Uptolevel:4F,4000,0.56m³,6m²,100,1463,CG-100
BasicWall,3F,0,Uptolevel:4F,4000,0.50m³,5m²,100,1466,CG-100
BasicWall,3F,0,Uptolevel:4F,4000,0.49m³,5m²,100,1958,CG-100
BasicWall,3F,0,Uptolevel:4F,4000,0.45m³,5m²,100,1534,CG-100
BasicWall,3F,0,Uptolevel:4F,4000,0.36m³,4m²,100,1585,CG-100
BasicWall,3F,0,Uptolevel:4F,4000,0.35m³,4m²,80,1847,CG-80
BasicWall,3F,0,Uptolevel:4F,4000,0.33m³,4m²,80,1678,CG-80
BasicWall,3F,0,Uptolevel:4F,4000,0.31m³,1m²,250,320,CG-250
BasicWall,3F,0,Uptolevel:4F,4000,0.31m³,3m²,100,1424,CG-100
BasicWall,3F,0,Uptolevel:4F,4000,0.30m³,3m²,100,1746,CG-100
BasicWall,3F,0,Uptolevel:4F,4000,0.29m³,3m²,100,1733,CG-100
BasicWall,3F,0,Uptolevel:4F,4000,0.29m³,6m²,50,1619,CG-50
BasicWall,3F,0,Uptolevel:4F,4000,0.28m³,4m²,80,1805,CG-80
BasicWall,3F,0,Uptolevel:4F,4000,0.26m³,3m²,80,1542,CG-80
BasicWall,3F,0,Uptolevel:4F,4000,0.26m³,5m²,50,1424,CG-50
BasicWall,3F,0,Uptolevel:4F,4000,0.25m³,3m²,100,1203,CG-100
BasicWall,3F,0,Uptolevel:4F,4000,0.25m³,4m²,70,1873,CG-70
BasicWall,3F,0,Uptolevel:4F,4000,0.21m³,2m²,100,542,CG-100
BasicWall,3F,0,Uptolevel:4F,4000,0.18m³,2m²,100,943,CG-100
BasicWall,3F,0,Uptolevel:4F,4000,0.17m³,2m²,100,568,CG-100
BasicWall,3F,0,Uptolevel:4F,4000,0.17m³,2m²,100,619,CG-100
BasicWall,3F,0,Uptolevel:4F,4000,0.16m³,2m²,100,458,CG-100
BasicWall,4F,0,Uptolevel:5F,4000,7.66m³,29m²,260,7364,CG-260
BasicWall,4F,0,Uptolevel:5F,4000,6.97m³,29m²,240,7364,CG-240
BasicWall,4F,0,Uptolevel:5F,4000,6.90m³,28m²,250,6950,CG-250
BasicWall,4F,0,Uptolevel:5F,4000,6.64m³,28m²,240,6737,CG-240
BasicWall,4F,0,Uptolevel:5F,4000,6.02m³,24m²,250,6020,CG-250
BasicWall,4F,0,Uptolevel:5F,4000,5.76m³,23m²,250,5754,CG-250
BasicWall,4F,0,Uptolevel:5F,4000,5.52m³,23m²,240,5754,CG-240
BasicWall,4F,0,Uptolevel:5F,4000,5.12m³,51m²,100,12800,CG-100
BasicWall,4F,0,Uptolevel:5F,4000,5.09m³,64m²,80,18735,CG-80
BasicWall,4F,0,Uptolevel:5F,4000,5.00m³,50m²,100,13017,CG-100
BasicWall,4F,0,Uptolevel:5F,4000,4.11m³,21m²,200,5178,CG-200mm
BasicWall,4F,0,Uptolevel:5F,4000,3.72m³,19m²,200,4644,CG-200mm
BasicWall,4F,0,Uptolevel:5F,4000,3.72m³,37m²,100,11952,CG-100
BasicWall,4F,0,Uptolevel:5F,4000,3.71m³,37m²,100,10619,CG-100
BasicWall,4F,0,Uptolevel:5F,4000,3.69m³,18m²,200,4576,CG-200mm
BasicWall,4F,0,Uptolevel:5F,4000,3.47m³,35m²,100,10800,CG-100
BasicWall,4F,0,Uptolevel:5F,4000,3.44m³,14m²,240,3466,CG-240
BasicWall,4F,0,Uptolevel:5F,4000,3.42m³,14m²,250,3415,CG-250
BasicWall,4F,0,Uptolevel:5F,4000,3.38m³,13m²,260,3119,CG-260
BasicWall,4F,0,Uptolevel:5F,4000,3.38m³,34m²,100,8959,CG-100
BasicWall,4F,0,Uptolevel:5F,4000,3.05m³,16m²,190,3966,CG-190
BasicWall,4F,0,Uptolevel:5F,4000,3.01m³,12m²,260,3076,CG-260
BasicWall,4F,0,Uptolevel:5F,4000,2.74m³,27m²,100,8322,CG-100
BasicWall,4F,0,Uptolevel:5F,4000,2.69m³,27m²,100,7295,CG-100
BasicWall,4F,0,Uptolevel:5F,4000,2.68m³,8m²,350,1965,CG-350
BasicWall,4F,0,Uptolevel:5F,4000,2.66m³,27m²,100,7610,CG-100
BasicWall,4F,0,Uptolevel:5F,4000,2.61m³,7m²,360,1931,CG-360
BasicWall,4F,0,Uptolevel:5F,4000,2.41m³,10m²,250,2534,CG-250
BasicWall,4F,0,Uptolevel:5F,4000,2.28m³,11m²,200,2848,CG-200mm3
BasicWall,4F,0,Uptolevel:5F,4000,2.15m³,22m²,100,5426,CG-100
BasicWall,4F,0,Uptolevel:5F,4000,2.15m³,22m²,100,5426,CG-100
BasicWall,4F,0,Uptolevel:5F,4000,2.05m³,20m²,100,5220,CG-100
BasicWall,4F,0,Uptolevel:5F,4000,1.87m³,23m²,80,6585,CG-80
BasicWall,4F,0,Uptolevel:5F,4000,1.85m³,19m²,100,4761,CG-100
BasicWall,4F,0,Uptolevel:5F,4000,1.83m³,18m²,100,4575,CG-100
BasicWall,4F,0,Uptolevel:5F,4000,1.83m³,18m²,100,4619,CG-100
BasicWall,4F,0,Uptolevel:5F,4000,1.83m³,18m²,100,4619,CG-100
BasicWall,4F,0,Uptolevel:5F,4000,1.83m³,18m²,100,4619,CG-100
BasicWall,4F,0,Uptolevel:5F,4000,1.83m³,18m²,100,4585,CG-100
BasicWall,4F,0,Uptolevel:5F,4000,1.83m³,18m²,100,4619,CG-100
BasicWall,4F,0,Uptolevel:5F,4000,1.82m³,18m²,100,4610,CG-100
BasicWall,4F,0,Uptolevel:5F,4000,1.82m³,18m²,100,4610,CG-100
BasicWall,4F,0,Uptolevel:5F,4000,1.82m³,18m²,100,4610,CG-100
BasicWall,4F,0,Uptolevel:5F,4000,1.82m³,18m²,100,4610,CG-100
BasicWall,4F,0,Uptolevel:5F,4000,1.82m³,18m²,100,4610,CG-100
BasicWall,4F,0,Uptolevel:5F,4000,1.82m³,18m²,100,4610,CG-100
BasicWall,4F,0,Uptolevel:5F,4000,1.82m³,18m²,100,4610,CG-100
BasicWall,4F,0,Uptolevel:5F,4000,1.82m³,18m²,100,4610,CG-100
BasicWall,4F,0,Uptolevel:5F,4000,1.82m³,18m²,100,4610,CG-100
BasicWall,4F,0,Uptolevel:5F,4000,1.82m³,18m²,100,4610,CG-100
BasicWall,4F,0,Uptolevel:5F,4000,1.52m³,8m²,200,1958,CG-200mm
BasicWall,4F,0,Uptolevel:5F,4000,1.49m³,15m²,100,3780,CG-100
BasicWall,4F,0,Uptolevel:5F,4000,1.45m³,15m²,100,3534,CG-100
BasicWall,4F,0,Uptolevel:5F,4000,1.38m³,14m²,100,3661,CG-100
BasicWall,4F,0,Uptolevel:5F,4000,1.19m³,12m²,100,3508,CG-100
BasicWall,4F,0,Uptolevel:5F,4000,1.17m³,12m²,100,3085,CG-100
BasicWall,4F,0,Uptolevel:5F,4000,1.08m³,11m²,100,3254,CG-100
BasicWall,4F,0,Uptolevel:5F,4000,0.96m³,10m²,100,2483,CG-100
BasicWall,4F,0,Uptolevel:5F,4000,0.93m³,12m²,80,3076,CG-80
BasicWall,4F,0,Uptolevel:5F,4000,0.88m³,9m²,100,2203,CG-100
BasicWall,4F,0,Uptolevel:5F,4000,0.88m³,9m²,100,2260,CG-100
BasicWall,4F,0,Uptolevel:5F,4000,0.88m³,9m²,100,2254,CG-100
BasicWall,4F,0,Uptolevel:5F,4000,0.88m³,9m²,100,2254,CG-100
BasicWall,4F,0,Uptolevel:5F,4000,0.85m³,9m²,90,2525,CG-90
BasicWall,4F,0,Uptolevel:5F,4000,0.80m³,8m²,100,2051,CG-100
BasicWall,4F,0,Uptolevel:5F,4000,0.74m³,7m²,100,2025,CG-100
BasicWall,4F,0,Uptolevel:5F,4000,0.73m³,7m²,100,1831,CG-100
BasicWall,4F,0,Uptolevel:5F,4000,0.71m³,7m²,100,1856,CG-100
BasicWall,4F,0,Uptolevel:5F,4000,0.68m³,7m²,100,1881,CG-100
BasicWall,4F,0,Uptolevel:5F,4000,0.64m³,6m²,100,1669,CG-100
BasicWall,4F,0,Uptolevel:5F,4000,0.62m³,6m²,100,1559,CG-100
BasicWall,4F,0,Uptolevel:5F,4000,0.56m³,6m²,100,1585,CG-100
BasicWall,4F,0,Uptolevel:5F,4000,0.54m³,5m²,100,1966,CG-100
BasicWall,4F,0,Uptolevel:5F,4000,0.52m³,5m²,100,1466,CG-100
BasicWall,4F,0,Uptolevel:5F,4000,0.41m³,5m²,80,1958,CG-80
BasicWall,4F,0,Uptolevel:5F,4000,0.38m³,5m²,70,1881,CG-70
BasicWall,4F,0,Uptolevel:5F,4000,0.35m³,4m²,85,1669,CG-85
BasicWall,4F,0,Uptolevel:5F,4000,0.33m³,3m²,100,1754,CG-100
BasicWall,4F,0,Uptolevel:5F,4000,0.33m³,3m²,100,907,CG-100
BasicWall,4F,0,Uptolevel:5F,4000,0.32m³,3m²,100,1720,CG-100
BasicWall,4F,0,Uptolevel:5F,4000,0.31m³,6m²,50,1576,CG-50
BasicWall,4F,0,Uptolevel:5F,4000,0.30m³,4m²,80,1856,CG-80
BasicWall,4F,0,Uptolevel:5F,4000,0.27m³,5m²,50,1424,CG-50
BasicWall,4F,0,Uptolevel:5F,4000,0.26m³,3m²,100,1203,CG-100
BasicWall,4F,0,Uptolevel:5F,4000,0.22m³,2m²,100,610,CG-100
BasicWall,4F,0,Uptolevel:5F,4000,0.20m³,2m²,100,963,CG-100
BasicWall,4F,0,Uptolevel:5F,4000,0.20m³,2m²,100,458,CG-100
BasicWall,4F,0,Uptolevel:5F,4000,0.18m³,2m²,100,458,CG-100
BasicWall,4F,0,Uptolevel:5F,4000,0.16m³,2m²,100,450,CG-100
BasicWall,4F,0,Uptolevel:5F,4000,0.05m³,0m²,250,51,CG-250
BasicWall,5F,0,Uptolevel:RF,4000,7.36m³,29m²,250,7381,CG-250
BasicWall,5F,0,Uptolevel:RF,4000,7.02m³,28m²,250,7020,CG-250
BasicWall,5F,0,Uptolevel:RF,4000,6.04m³,24m²,250,6040,CG-250
BasicWall,5F,0,Uptolevel:RF,4000,5.76m³,23m²,250,5839,CG-250
BasicWall,5F,0,Uptolevel:RF,4000,5.58m³,56m²,100,17464,CG-100
BasicWall,5F,0,Uptolevel:RF,4000,5.18m³,52m²,100,13258,CG-100
BasicWall,5F,0,Uptolevel:RF,4000,4.74m³,53m²,90,13763,CG-90
BasicWall,5F,0,Uptolevel:RF,4000,4.43m³,17m²,260,4260,CG-260
BasicWall,5F,0,Uptolevel:RF,4000,4.26m³,21m²,200,5229,CG-200mm
BasicWall,5F,0,Uptolevel:RF,4000,3.85m³,15m²,250,3686,CG-250
BasicWall,5F,0,Uptolevel:RF,4000,3.66m³,18m²,200,4619,CG-200mm
BasicWall,5F,0,Uptolevel:RF,4000,3.61m³,14m²,250,3483,CG-250
BasicWall,5F,0,Uptolevel:RF,4000,3.57m³,16m²,225,4408,CG-225
BasicWall,5F,0,Uptolevel:RF,4000,3.41m³,34m²,100,9104,CG-100
BasicWall,5F,0,Uptolevel:RF,4000,3.30m³,33m²,100,9068,CG-100
BasicWall,5F,0,Uptolevel:RF,4000,3.25m³,13m²,250,3127,CG-250
BasicWall,5F,0,Uptolevel:RF,4000,3.17m³,32m²,100,8508,CG-100
BasicWall,5F,0,Uptolevel:RF,4000,3.17m³,32m²,100,10020,CG-100
BasicWall,5F,0,Uptolevel:RF,4000,3.00m³,12m²,250,3127,CG-250
BasicWall,5F,0,Uptolevel:RF,4000,2.99m³,16m²,190,4040,CG-190
BasicWall,5F,0,Uptolevel:RF,4000,2.96m³,30m²,100,7407,CG-100
BasicWall,5F,0,Uptolevel:RF,4000,2.87m³,8m²,350,2051,CG-350
BasicWall,5F,0,Uptolevel:RF,4000,2.74m³,8m²,360,1950,CG-360
BasicWall,5F,0,Uptolevel:RF,4000,2.66m³,11m²,250,2534,CG-250
BasicWall,5F,0,Uptolevel:RF,4000,2.59m³,26m²,100,7356,CG-100
BasicWall,5F,0,Uptolevel:RF,4000,2.45m³,24m²,100,6246,CG-100
BasicWall,5F,0,Uptolevel:RF,4000,2.43m³,24m²,100,6120,CG-100
BasicWall,5F,0,Uptolevel:RF,4000,2.40m³,24m²,100,5949,CG-100
BasicWall,5F,0,Uptolevel:RF,4000,2.36m³,9m²,250,2556,CG-250
BasicWall,5F,0,Uptolevel:RF,4000,2.36m³,10m²,240,2508,CG-240
BasicWall,5F,0,Uptolevel:RF,4000,2.33m³,23m²,100,6585,CG-100
BasicWall,5F,0,Uptolevel:RF,4000,1.95m³,8m²,250,2042,CG-250
BasicWall,5F,0,Uptolevel:RF,4000,1.95m³,8m²,250,2153,CG-250
BasicWall,5F,0,Uptolevel:RF,4000,1.83m³,18m²,100,4627,CG-100
BasicWall,5F,0,Uptolevel:RF,4000,1.83m³,18m²,100,4627,CG-100
BasicWall,5F,0,Uptolevel:RF,4000,1.83m³,18m²,100,4627,CG-100
BasicWall,5F,0,Uptolevel:RF,4000,1.83m³,18m²,100,4627,CG-100
BasicWall,5F,0,Uptolevel:RF,4000,1.83m³,18m²,100,4627,CG-100
BasicWall,5F,0,Uptolevel:RF,4000,1.83m³,18m²,100,4627,CG-100
BasicWall,5F,0,Uptolevel:RF,4000,1.83m³,18m²,100,4619,CG-100
BasicWall,5F,0,Uptolevel:RF,4000,1.78m³,18m²,100,4560,CG-100
BasicWall,5F,0,Uptolevel:RF,4000,1.77m³,18m²,100,4480,CG-100
BasicWall,5F,0,Uptolevel:RF,4000,1.53m³,15m²,100,3865,CG-100
BasicWall,5F,0,Uptolevel:RF,4000,1.53m³,15m²,100,3983,CG-100
BasicWall,5F,0,Uptolevel:RF,4000,1.53m³,18m²,85,6126,CG-85
BasicWall,5F,0,Uptolevel:RF,4000,1.52m³,8m²,200,2000,CG-200mm
BasicWall,5F,0,Uptolevel:RF,4000,1.38m³,14m²,100,3661,CG-100
BasicWall,5F,0,Uptolevel:RF,4000,1.38m³,14m²,100,3661,CG-100
BasicWall,5F,0,Uptolevel:RF,4000,1.16m³,12m²,100,3076,CG-100
BasicWall,5F,0,Uptolevel:RF,4000,1.16m³,12m²,100,3585,CG-100
BasicWall,5F,0,Uptolevel:RF,4000,1.16m³,12m²,100,3076,CG-100
BasicWall,5F,0,Uptolevel:RF,4000,1.15m³,4m²,260,1102,CG-260
BasicWall,5F,0,Uptolevel:RF,4000,1.07m³,11m²,100,3254,CG-100
BasicWall,5F,0,Uptolevel:RF,4000,0.96m³,10m²,100,2483,CG-100
BasicWall,5F,0,Uptolevel:RF,4000,0.94m³,9m²,100,2534,CG-100
BasicWall,5F,0,Uptolevel:RF,4000,0.92m³,9m²,100,2203,CG-100
BasicWall,5F,0,Uptolevel:RF,4000,0.88m³,9m²,100,2373,CG-100
BasicWall,5F,0,Uptolevel:RF,4000,0.88m³,9m²,100,2373,CG-100
BasicWall,5F,0,Uptolevel:RF,4000,0.88m³,9m²,100,2373,CG-100
BasicWall,5F,0,Uptolevel:RF,4000,0.74m³,7m²,100,2025,CG-100
BasicWall,5F,0,Uptolevel:RF,4000,0.71m³,7m²,100,1907,CG-100
BasicWall,5F,0,Uptolevel:RF,4000,0.71m³,7m²,100,1763,CG-100
BasicWall,5F,0,Uptolevel:RF,4000,0.69m³,7m²,100,1822,CG-100
BasicWall,5F,0,Uptolevel:RF,4000,0.69m³,7m²,100,1890,CG-100
BasicWall,5F,0,Uptolevel:RF,4000,0.64m³,6m²,100,1669,CG-100
BasicWall,5F,0,Uptolevel:RF,4000,0.64m³,8m²,80,2000,CG-80
BasicWall,5F,0,Uptolevel:RF,4000,0.60m³,6m²,100,1636,CG-100
BasicWall,5F,0,Uptolevel:RF,4000,0.52m³,5m²,100,1475,CG-100
BasicWall,5F,0,Uptolevel:RF,4000,0.52m³,5m²,100,1525,CG-100
BasicWall,5F,0,Uptolevel:RF,4000,0.51m³,5m²,100,1949,CG-100
BasicWall,5F,0,Uptolevel:RF,4000,0.44m³,4m²,100,1178,CG-100
BasicWall,5F,0,Uptolevel:RF,4000,0.41m³,4m²,100,1669,CG-100
BasicWall,5F,0,Uptolevel:RF,4000,0.38m³,4m²,100,1585,CG-100
BasicWall,5F,0,Uptolevel:RF,4000,0.37m³,4m²,100,1492,CG-100
BasicWall,5F,0,Uptolevel:RF,4000,0.36m³,4m²,100,898,CG-100
BasicWall,5F,0,Uptolevel:RF,4000,0.36m³,4m²,90,1169,CG-90
BasicWall,5F,0,Uptolevel:RF,4000,0.33m³,3m²,100,1746,CG-100
BasicWall,5F,0,Uptolevel:RF,4000,0.32m³,3m²,100,1746,CG-100
BasicWall,5F,0,Uptolevel:RF,4000,0.31m³,6m²,50,1610,CG-50
BasicWall,5F,0,Uptolevel:RF,4000,0.29m³,3m²,90,763,CG-90
BasicWall,5F,0,Uptolevel:RF,4000,0.27m³,1m²,225,305,CG-225
BasicWall,5F,0,Uptolevel:RF,4000,0.27m³,4m²,70,1864,CG-70
BasicWall,5F,0,Uptolevel:RF,4000,0.27m³,4m²,70,1890,CG-70
BasicWall,5F,0,Uptolevel:RF,4000,0.27m³,5m²,50,1424,CG-50
BasicWall,5F,0,Uptolevel:RF,4000,0.25m³,3m²,100,1203,CG-100
BasicWall,5F,0,Uptolevel:RF,4000,0.19m³,2m²,100,636,CG-100
BasicWall,5F,0,Uptolevel:RF,4000,0.19m³,2m²,100,585,CG-100
BasicWall,5F,0,Uptolevel:RF,4000,0.18m³,2m²,80,610,CG-80
BasicWall,5F,0,Uptolevel:RF,4000,0.16m³,2m²,100,559,CG-100
BasicWall,5F,0,Uptolevel:RF,4000,0.16m³,2m²,100,458,CG-100
BasicWall,5F,-1825,Uptolevel:RF,2175,0.01m³,0m²,120,1407,CG-120
BasicWall,RF,0,Unconnected,2300,10.38m³,53m²,200,22558,CG-200mm3
BasicWall,RF,0,Unconnected,2300,10.37m³,53m²,200,22558,CG-200mm3
BasicWall,RF,0,Unconnected,2500,7.48m³,37m²,200,14852,CG-200mm3
BasicWall,RF,0,Unconnected,3500,6.35m³,25m²,250,7257,CG-252
BasicWall,RF,0,Unconnected,3500,6.35m³,25m²,250,7435,CG-252
BasicWall,RF,0,Unconnected,2500,5.28m³,27m²,200,10699,CG-200mm3
BasicWall,RF,0,Unconnected,2500,5.09m³,25m²,200,10285,CG-200mm3
BasicWall,RF,0,Unconnected,2500,5.01m³,25m²,200,10037,CG-200mm3
BasicWall,RF,0,Unconnected,2300,4.45m³,18m²,250,9242,CG-252
BasicWall,RF,0,Unconnected,3500,4.44m³,22m²,200,7435,CG-200mm
BasicWall,RF,0,Unconnected,2300,4.38m³,18m²,250,7621,CG-252
BasicWall,RF,3500,Uptolevel:RF,3500,4.02m³,16m²,250,4545,CG-252
BasicWall,RF,0,Unconnected,2500,3.88m³,19m²,200,7560,CG-200mm3
BasicWall,RF,0,Unconnected,2300,3.12m³,16m²,200,6892,CG-200mm3
BasicWall,RF,0,Unconnected,2500,3.12m³,16m²,200,6187,CG-200mm3
BasicWall,RF,0,Unconnected,2300,2.80m³,14m²,200,6096,CG-200mm3
BasicWall,RF,3500,Uptolevel:RF,3500,2.64m³,11m²,250,2891,CG-252
BasicWall,RF,0,Unconnected,2300,2.50m³,25m²,100,11825,CG-102
BasicWall,RF,3500,Uptolevel:RF,3500,2.49m³,25m²,100,7269,CG-102
BasicWall,RF,3500,Uptolevel:RF,3500,2.43m³,24m²,100,7435,CG-100
BasicWall,RF,0,Unconnected,3500,2.10m³,21m²,100,6357,CG-100
BasicWall,RF,0,Unconnected,2223,2.00m³,10m²,200,4945,CG-200mm3
BasicWall,RF,0,Unconnected,2300,1.95m³,20m²,100,8494,CG-102
BasicWall,RF,0,Unconnected,2300,1.94m³,19m²,100,8900,CG-102
BasicWall,RF,0,Unconnected,2500,1.81m³,9m²,200,3719,CG-200mm3
BasicWall,RF,0,Unconnected,2300,1.35m³,7m²,200,3287,CG-200mm3
BasicWall,RF,0,Unconnected,2300,1.24m³,12m²,100,5408,CG-102
BasicWall,RF,0,Unconnected,2500,1.22m³,6m²,200,2660,CG-200mm3
BasicWall,RF,0,Unconnected,2300,1.04m³,10m²,100,4550,CG-102
BasicWall,RF,0,Unconnected,465,0.98m³,5m²,200,10570,CG-200mm3
BasicWall,RF,0,Unconnected,3500,0.97m³,10m²,100,3128,CG-102
BasicWall,RF,0,Unconnected,300,0.96m³,5m²,200,15960,CG-200mm3
BasicWall,RF,0,Unconnected,2300,0.96m³,10m²,100,4204,CG-102
BasicWall,RF,0,Unconnected,300,0.87m³,4m²,200,14560,CG-200mm3
BasicWall,RF,0,Unconnected,2500,0.74m³,4m²,200,1478,CG-200mm3
BasicWall,RF,3500,Uptolevel:RF,3500,0.74m³,7m²,100,2373,CG-100
BasicWall,RF,3500,Uptolevel:RF,3500,0.74m³,7m²,100,2373,CG-100
BasicWall,RF,3500,Uptolevel:RF,3500,0.74m³,7m²,100,2382,CG-100
BasicWall,RF,0,Unconnected,300,0.71m³,4m²,200,11911,CG-200mm3
BasicWall,RF,0,Unconnected,300,0.70m³,3m²,200,11757,CG-200mm3
BasicWall,RF,0,Unconnected,300,0.61m³,3m²,200,10300,CG-200mm3
BasicWall,RF,0,Unconnected,305,0.54m³,3m²,200,8982,CG-200mm3
BasicWall,RF,0,Unconnected,300,0.40m³,2m²,200,6629,CG-200mm3
BasicWall,RF,0,Unconnected,300,0.30m³,3m²,100,9864,CG-102
BasicWall,RF,0,Unconnected,300,0.28m³,1m²,200,4740,CG-200mm3
BasicWall,RF,0,Unconnected,369,0.27m³,1m²,200,3584,CG-200mm3
BasicWall,RF,0,Unconnected,300,0.27m³,3m²,100,9023,CG-102
BasicWall,RF,0,Unconnected,300,0.27m³,3m²,100,9097,CG-102
BasicWall,RF,0,Unconnected,300,0.26m³,3m²,100,8555,CG-102
BasicWall,RF,0,Unconnected,2300,0.19m³,2m²,100,853,CG-102
BasicWall,RF,0,Unconnected,300,0.18m³,2m²,100,6051,CG-102
BasicWall,RF,0,Unconnected,300,0.16m³,2m²,100,5304,CG-102
BasicWall,RF,3425,Uptolevel:RF,3425,0.16m³,2m²,100,638,CG-100
BasicWall,RF,0,Unconnected,300,0.14m³,1m²,100,4734,CG-102
BasicWall,RF,0,Unconnected,300,0.14m³,1m²,100,4610,CG-102
BasicWall,RF,0,Unconnected,300,0.11m³,1m²,100,4046,CG-102
BasicWall,RF,0,Unconnected,300,0.10m³,1m²,100,3488,CG-102
BasicWall,RF,0,Unconnected,300,0.03m³,0m²,100,850,CG-102
CurtainWall,G/F,0,Unconnected,4000,NULL,13m²,NULL,3407,Curtainwall
CurtainWall,G/F,0,Unconnected,4000,NULL,13m²,NULL,3407,Curtainwall
CurtainWall,G/F,0,Unconnected,6497,NULL,16m²,NULL,2420,Curtainwall
CurtainWall,G/F,0,Unconnected,6500,NULL,16m²,NULL,2547,Curtainwall
CurtainWall,G/F,0,Unconnected,3940,NULL,24m²,NULL,6103,Curtainwall
CurtainWall,G/F,0,Unconnected,6500,NULL,35m²,NULL,4076,Curtainwall
CurtainWall,G/F,0,Unconnected,6500,NULL,35m²,NULL,4076,Curtainwall
CurtainWall,G/F,0,Unconnected,6500,NULL,70m²,NULL,7881,Curtainwall
CurtainWall,G/F,0,Unconnected,6500,NULL,107m²,NULL,16491,Curtainwall
CurtainWall,1/F,0,Uptolevel:2F,4000,NULL,19m²,NULL,4737,Curtainwall
CurtainWall,1/F,0,Uptolevel:2F,4000,NULL,19m²,NULL,4993,Curtainwall
CurtainWall,1/F,0,Uptolevel:2F,4000,NULL,27m²,NULL,4307,Curtainwall
CurtainWall,1/F,0,Uptolevel:2F,4000,NULL,27m²,NULL,7322,Curtainwall
CurtainWall,1/F,0,Uptolevel:2F,4000,NULL,29m²,NULL,7734,Curtainwall
CurtainWall,1/F,0,Uptolevel:2F,4000,NULL,44m²,NULL,11095,Curtainwall
CurtainWall,1/F,0,Uptolevel:2F,4000,NULL,52m²,NULL,14066,Curtainwall
CurtainWall,1/F,0,Uptolevel:2F,4000,NULL,57m²,NULL,15091,Curtainwall
CurtainWall,1/F,0,Uptolevel:2F,4000,NULL,62m²,NULL,15713,Curtainwall
CurtainWall,1/F,0,Uptolevel:2F,4000,NULL,69m²,NULL,18140,Curtainwall
CurtainWall,1/F,0,Uptolevel:2F,4000,NULL,79m²,NULL,19632,Curtainwall
CurtainWall,1/F,18231,Uptolevel:2F,22231,NULL,95m²,NULL,8061,Curtainwall2
CurtainWall,1/F,0,Uptolevel:2F,4000,NULL,105m²,NULL,8538,Curtainwall7
CurtainWall,1/F,18220,Uptolevel:2F,22220,NULL,109m²,NULL,8382,Curtainwall2
CurtainWall,1/F,16000,Uptolevel:2F,20000,NULL,113m²,NULL,8405,Curtainwall6
CurtainWall,1/F,18508,Uptolevel:2F,22508,NULL,147m²,NULL,8546,Curtainwall4
CurtainWall,2F,0,Uptolevel:3F,4000,NULL,15m²,NULL,3772,Curtainwall
CurtainWall,2F,0,Uptolevel:3F,4000,NULL,16m²,NULL,4307,Curtainwall
CurtainWall,2F,0,Uptolevel:3F,4000,NULL,18m²,NULL,4610,Curtainwall
CurtainWall,2F,0,Uptolevel:3F,4000,NULL,19m²,NULL,4741,Curtainwall
CurtainWall,2F,0,Uptolevel:3F,4000,NULL,22m²,NULL,5400,Curtainwall
CurtainWall,2F,0,Uptolevel:3F,4000,NULL,22m²,NULL,5893,Curtainwall
CurtainWall,2F,0,Uptolevel:3F,4000,NULL,30m²,NULL,7592,Curtainwall
CurtainWall,2F,0,Uptolevel:3F,4000,NULL,32m²,NULL,8397,Curtainwall
CurtainWall,2F,0,Uptolevel:3F,4000,NULL,44m²,NULL,11485,Curtainwall
CurtainWall,2F,0,Uptolevel:3F,4000,NULL,54m²,NULL,14760,Curtainwall
CurtainWall,2F,0,Uptolevel:3F,4000,NULL,55m²,NULL,13960,Curtainwall
CurtainWall,2F,0,Uptolevel:3F,4000,NULL,67m²,NULL,17380,Curtainwall
CurtainWall,2F,0,Uptolevel:3F,4000,NULL,76m²,NULL,19900,Curtainwall
CurtainWall,3F,0,Uptolevel:4F,4000,NULL,16m²,NULL,4307,Curtainwall
CurtainWall,3F,0,Uptolevel:4F,4000,NULL,17m²,NULL,5052,Curtainwall
CurtainWall,3F,0,Uptolevel:4F,4000,NULL,18m²,NULL,4711,Curtainwall
CurtainWall,3F,0,Uptolevel:4F,4000,NULL,22m²,NULL,5932,Curtainwall
CurtainWall,3F,0,Uptolevel:4F,4000,NULL,33m²,NULL,8700,Curtainwall
CurtainWall,3F,0,Uptolevel:4F,4000,NULL,44m²,NULL,11415,Curtainwall
CurtainWall,3F,0,Uptolevel:4F,4000,NULL,51m²,NULL,13583,Curtainwall
CurtainWall,3F,0,Uptolevel:4F,4000,NULL,54m²,NULL,15475,Curtainwall
CurtainWall,3F,0,Uptolevel:4F,4000,NULL,62m²,NULL,16736,Curtainwall
CurtainWall,3F,0,Uptolevel:4F,4000,NULL,65m²,NULL,17140,Curtainwall
CurtainWall,3F,0,Uptolevel:4F,4000,NULL,73m²,NULL,19900,Curtainwall
CurtainWall,4F,-150,Uptolevel:5F,3850,NULL,13m²,NULL,3887,Curtainwall
CurtainWall,4F,0,Uptolevel:5F,4000,NULL,16m²,NULL,4307,Curtainwall
CurtainWall,4F,0,Uptolevel:5F,4000,NULL,19m²,NULL,4628,Curtainwall
CurtainWall,4F,0,Uptolevel:5F,4000,NULL,19m²,NULL,4654,Curtainwall
CurtainWall,4F,0,Uptolevel:5F,4000,NULL,24m²,NULL,6460,Curtainwall
CurtainWall,4F,0,Uptolevel:5F,4000,NULL,37m²,NULL,9771,Curtainwall
CurtainWall,4F,0,Uptolevel:5F,4000,NULL,38m²,NULL,13928,Curtainwall
CurtainWall,4F,0,Uptolevel:5F,4000,NULL,47m²,NULL,11843,Curtainwall
CurtainWall,4F,0,Uptolevel:5F,4000,NULL,50m²,NULL,12880,Curtainwall
CurtainWall,4F,0,Uptolevel:5F,4000,NULL,62m²,NULL,16180,Curtainwall
CurtainWall,4F,0,Uptolevel:5F,4000,NULL,70m²,NULL,18000,Curtainwall
CurtainWall,4F,0,Uptolevel:5F,4000,NULL,74m²,NULL,19484,Curtainwall
CurtainWall,5F,0,Uptolevel:RF,4000,NULL,14m²,NULL,3586,Curtainwall
CurtainWall,5F,0,Uptolevel:RF,4000,NULL,16m²,NULL,4307,Curtainwall
CurtainWall,5F,0,Uptolevel:RF,4000,NULL,18m²,NULL,5351,Curtainwall
CurtainWall,5F,0,Uptolevel:RF,4000,NULL,18m²,NULL,4695,Curtainwall
CurtainWall,5F,0,Uptolevel:RF,4000,NULL,24m²,NULL,6100,Curtainwall
CurtainWall,5F,0,Uptolevel:RF,4000,NULL,26m²,NULL,7040,Curtainwall
CurtainWall,5F,0,Uptolevel:RF,4000,NULL,31m²,NULL,8600,Curtainwall
CurtainWall,5F,0,Uptolevel:RF,4000,NULL,39m²,NULL,9820,Curtainwall
CurtainWall,5F,0,Uptolevel:RF,4000,NULL,40m²,NULL,10400,Curtainwall
CurtainWall,5F,0,Uptolevel:RF,4000,NULL,48m²,NULL,12360,Curtainwall
CurtainWall,5F,0,Uptolevel:RF,4000,NULL,48m²,NULL,12103,Curtainwall
CurtainWall,5F,0,Uptolevel:RF,4000,NULL,59m²,NULL,14825,Curtainwall
CurtainWall,5F,0,Uptolevel:RF,4000,NULL,62m²,NULL,16698,Curtainwall
CurtainWall,RF,0,Unconnected,2500,NULL,10m²,NULL,4207,Curtainwall
